created_utc,subreddit,author,domain,url,num_comments,score,ups,downs,title,selftext,saved,id,from_kind,gilded,from,stickied,retrieved_on,over_18,thumbnail,subreddit_id,hide_score,link_flair_css_class,author_flair_css_class,archived,is_self,from_id,permalink,name,author_flair_text,quarantine,link_flair_text,distinguished
1472525034,joker,seanparenti,youtube.com,https://www.youtube.com/watch?v=kIbEzaGICN4,0,7,7,0,A Tribute to Crime (Joker Tribute),,false,508wcc,,0,,false,1473092450,false,http://a.thumbs.redditmedia.com/K_bFQnnrR6jyEFn4_MnDbGmBMOBAsiEofNB8cYGx2Y0.jpg,t5_2tolo,false,,,false,false,,/r/joker/comments/508wcc/a_tribute_to_crime_joker_tribute/,t3_508wcc,,false,,
1470677168,joker,monkitech,monkitech.com,http://www.monkitech.com/2016/08/08/jared-leto-cree-que-su-joker-merece-una-pel%C3%ADcula-propia/,0,1,1,0,Jared Leto cree que su Joker merece una película propia.,,false,4wrb12,,0,,false,1473028307,false,default,t5_2tolo,false,,,false,false,,/r/joker/comments/4wrb12/jared_leto_cree_que_su_joker_merece_una_película/,t3_4wrb12,,false,,
1470574416,joker,x701xacker,youtu.be,https://youtu.be/WrIhI3bAAKM,0,1,1,0,Minute Movie Man: Suicide Squad (2016) No Spoilers!,,false,4wkqbx,,0,,false,1473024945,false,default,t5_2tolo,false,,,false,false,,/r/joker/comments/4wkqbx/minute_movie_man_suicide_squad_2016_no_spoilers/,t3_4wkqbx,,false,,
1471722229,joker,ShinyBreloom2323,self.joker,https://www.reddit.com/r/joker/comments/4yqs73/the_difference_between_the_golden_age_joker_and/,1,6,6,0,The difference between the Golden Age Joker and Bronze Age Joker characterized in a song.,"I mean in two different songs.

https://m.youtube.com/watch?v=uhBd5YAoCrg

https://m.youtube.com/watch?v=F4zlC8jAISk


The Golden Age Joker is just mad. He kills for fun. He has a gang to do his actions, and he's that stereotypical evil. But here's the thing.... He doesn't just CARE about Batman. Sure, he's depicted as Emperor Joker here, but it's all menace by a cheerful exterior. He isn't evil within evil, reasoning, or just a prankster. He'll kill everyone and try to make everyone smile. He kills to kill. He's still crazy. ""You know Batsy, there's only one thing wrong with our relationship... YOU ALWAYS WIN"" He says that, but watch as he turns the town into amusing soldiers. Watch as he turns the world into his own funhouse.

...

The Bronze Age Joker is obsessed with Batman. He's like what Heath played. He's cunning, manipulative, and believes one thing.

That one thing? Batman is Batman, and The Joker is *always* The Joker. Even in the games and Arkham series, he portrays ""Such a disappointment. You mean you were Bruce Wayne beneath all THAT"" vibe. But he still thinks he is his only opposite and rival. They both are absurd vigilantes who do ""good things"" in their world, Joker thinks he is a type of Batman, in a sense. They complete each other. Without Batman, there is no Joker.",false,4yqs73,,0,,false,1473064673,false,self,t5_2tolo,false,,,false,true,,/r/joker/comments/4yqs73/the_difference_between_the_golden_age_joker_and/,t3_4yqs73,,false,,
1470506390,joker,butlerbert23,piratebutl23.deviantart.com,http://piratebutl23.deviantart.com/art/Joker-Skateboard-624829861,1,28,28,0,I painted The Joker on an old skateboard of mine,,false,4wgy9q,,0,,false,1473023006,false,http://a.thumbs.redditmedia.com/Sqsk2bu4aC7-kQ1ALKUo9TG1Xg7Xm9sOmQSjVPFP-34.jpg,t5_2tolo,false,,,false,false,,/r/joker/comments/4wgy9q/i_painted_the_joker_on_an_old_skateboard_of_mine/,t3_4wgy9q,,false,,
1471023407,joker,moshiurplus,youtube.com,https://www.youtube.com/attribution_link?a=mtahGLCvhb0&amp;u=%2Fwatch%3Fv%3DXaNIcP7NJvY%26feature%3Dshare,0,1,1,0,Prin Rapunzel vs ORBEEZ Bath Joker! w Paw Patrol Rocky Spiderman in...,,false,4xequ0,,0,,false,1473040287,false,default,t5_2tolo,false,,,false,false,,/r/joker/comments/4xequ0/prin_rapunzel_vs_orbeez_bath_joker_w_paw_patrol/,t3_4xequ0,,false,,
1471055640,joker,antdude,youtube.com,http://www.youtube.com/watch?v=mGes9KZdwyg,0,10,10,0,The Joker (Batman): The Story You Never Knew,,false,4xh839,,0,,false,1473041544,false,http://b.thumbs.redditmedia.com/2CtrjCI_vroaaVdyLzvoe3Ve5Jz8a9UmLqUXR6AyvLY.jpg,t5_2tolo,false,,,false,false,,/r/joker/comments/4xh839/the_joker_batman_the_story_you_never_knew/,t3_4xh839,,false,,
1471973465,joker,Hermit0fAlbion,youtube.com,https://www.youtube.com/watch?v=pFUKeD3FJm8,0,33,33,0,The Dark Knight — Creating the Ultimate Antagonist by Lessons from the Screenplay,,false,4z7o6j,,0,,false,1473073243,false,http://a.thumbs.redditmedia.com/mKIgAmFlZHA_mmt1qllZ5a9jWhjxL3-F0s9HtciGRH4.jpg,t5_2tolo,false,,,false,false,,/r/joker/comments/4z7o6j/the_dark_knight_creating_the_ultimate_antagonist/,t3_4z7o6j,,false,,
1470713744,joker,Ate10,autello.deviantart.com,http://autello.deviantart.com/art/Willem-Dafoe-as-The-Joker-side-by-side-626999031,7,18,18,0,The villian we deserve,,false,4wu56w,,0,,false,1473029758,false,http://b.thumbs.redditmedia.com/Yxuhe315Xs5TUo5GCAhe_GJLCGf8rQbp-ckzQIo2Ytc.jpg,t5_2tolo,false,,,false,false,,/r/joker/comments/4wu56w/the_villian_we_deserve/,t3_4wu56w,,false,,
1471796767,joker,antdude,youtube.com,http://www.youtube.com/watch?v=IQfRpfUosCk,3,4,4,0,The Clown Prince (Official Fan Trailer) - DC Comics Joker Movie,,false,4yvniy,,0,,false,1473067144,false,http://b.thumbs.redditmedia.com/P5BhmOgHc_T2H6LbgRhVJfXGD5I1fWQbCRxnkzhdjiw.jpg,t5_2tolo,false,,,false,false,,/r/joker/comments/4yvniy/the_clown_prince_official_fan_trailer_dc_comics/,t3_4yvniy,,false,,
1470602914,joker,lgspear,youtube.com,https://www.youtube.com/attribution_link?a=EVHh49XB8pM&amp;u=%2Fwatch%3Fv%3DZLCfJPKIjTc%26feature%3Dshare,2,3,3,0,Top 10 Joker Portrayals,,false,4wmndr,,0,,false,1473025928,false,http://b.thumbs.redditmedia.com/j7bV4mEEcsCtTFTekrdAR9C5pTW6bfkKEIIpi0vJKHQ.jpg,t5_2tolo,false,,,false,false,,/r/joker/comments/4wmndr/top_10_joker_portrayals/,t3_4wmndr,,false,,
1470161510,joker,quothetheraven79,i.reddituploads.com,https://i.reddituploads.com/6a9aa38f2284461d89b47cac45daaad6?fit=max&amp;h=1536&amp;w=1536&amp;s=a0321a01cf032765f5c5f1f61c86ca01,3,14,14,0,My Joker shrine at work!,,false,4vtvyk,,0,,false,1473011067,false,http://b.thumbs.redditmedia.com/h_GWzoWAOtPJCHXOR0qp1ipAZP09_CyjyZJTvh58DYY.jpg,t5_2tolo,false,,cartoon,false,false,,/r/joker/comments/4vtvyk/my_joker_shrine_at_work/,t3_4vtvyk,,false,,
1472369469,joker,quothetheraven79,fun.com,http://www.fun.com/suits/mens-joker-suit-authentic.html,2,4,4,0,Heath Ledge Joker suit available for preorder,,false,4zygjr,,0,,false,1473086947,false,http://b.thumbs.redditmedia.com/ynPiJ3IGu05JiwiOodjJNI1NbU6Tx56iMZECZaG5enw.jpg,t5_2tolo,false,,cartoon,false,false,,/r/joker/comments/4zygjr/heath_ledge_joker_suit_available_for_preorder/,t3_4zygjr,,false,,
1471450323,joker,ZAKAR23z,imgur.com,http://imgur.com/gallery/SgoK4,2,84,84,0,The Scottish Joker,,false,4y6h1i,,0,,false,1473054360,false,http://b.thumbs.redditmedia.com/8o7PrKOnWMMkFkGQjX3H0auPywHJzKQBJvZBz-6SngE.jpg,t5_2tolo,false,,,false,false,,/r/joker/comments/4y6h1i/the_scottish_joker/,t3_4y6h1i,,false,,
1471822775,joker,necrosato,self.joker,https://www.reddit.com/r/joker/comments/4yxs88/does_anyone_have_the_suicide_squad_joker_tattoos/,3,6,6,0,Does anyone have the Suicide Squad Joker tattoos?,"I've been looking for high def image files of the tattoos used for Leto's joker, as I am needing it for a costume. I have some versions of a few of the tattoos, but cannot for the life of me find the smiling hand tattoo. 

Any help would be much appreciated",false,4yxs88,,0,,false,1473068217,false,self,t5_2tolo,false,,,false,true,,/r/joker/comments/4yxs88/does_anyone_have_the_suicide_squad_joker_tattoos/,t3_4yxs88,,false,,
1471042378,joker,Hongkonpanel,self.joker,https://www.reddit.com/r/joker/comments/4xgc3d/just_watched_batman_the_killing_joke_any_more/,7,3,3,0,"Just watched batman the killing joke, any more movies with the joker?","Hi, I just watched the killing joke and it was really good imo. Got any more animated movies where the joker plays a big role? Already saw all the other live batman movies, killing joke was my first animated one.

Thanks!",false,4xgc3d,,0,,false,1473041096,false,self,t5_2tolo,false,,,false,true,,/r/joker/comments/4xgc3d/just_watched_batman_the_killing_joke_any_more/,t3_4xgc3d,,false,,
1471399685,joker,lowdown55345,adcoock.com,http://adcoock.com/sites/top-free-live-tv-internet-tv-sites.html#sthash.fknpWna3.sfju,1,1,1,0,Top FREE Live Tv – (Internet TV) Sites – Websites 2016 | UPDATED | AUGUST,,false,4y37hg,,0,,false,1473052713,false,default,t5_2tolo,false,,,false,false,,/r/joker/comments/4y37hg/top_free_live_tv_internet_tv_sites_websites_2016/,t3_4y37hg,,false,,
1470762481,joker,JG82,batman-news.com,http://batman-news.com/2016/08/09/gangsta-kehlani-suicide-squad-music-video/,1,5,5,0,New Joker and Harley footage in latest ‘Suicide Squad’ music video,,false,4wx9lv,,0,,false,1473031345,false,http://b.thumbs.redditmedia.com/NJqWmEKbBGnanVJXaJ4pqdAKSsdUcSUQlXsXHyuAKjI.jpg,t5_2tolo,false,,cartoon,false,false,,/r/joker/comments/4wx9lv/new_joker_and_harley_footage_in_latest_suicide/,t3_4wx9lv,,false,,
1470430053,joker,joacofd,i.reddituploads.com,https://i.reddituploads.com/de33719ed0b44262b572fd8e1f379dd3?fit=max&amp;h=1536&amp;w=1536&amp;s=8409dde657f9c14add7c310baad67157,0,10,10,0,Cracked Clown,,false,4wck8b,,0,,false,1473020747,false,http://b.thumbs.redditmedia.com/kZxgqW8-zD-MpmcOyihuVTitEIyp-eNRH8mGpec8cLg.jpg,t5_2tolo,false,,,false,false,,/r/joker/comments/4wck8b/cracked_clown/,t3_4wck8b,,false,,
1472280996,joker,billelguerchouche,imgur.com,http://imgur.com/KTjLBPj,1,1,1,0,this shirt design is for the joker Heath Ledger (my favorite),,false,4zt5my,,0,,false,1473084214,false,default,t5_2tolo,false,,,false,false,,/r/joker/comments/4zt5my/this_shirt_design_is_for_the_joker_heath_ledger/,t3_4zt5my,,false,,
1472543859,joker,Chris36050,amazon.com,https://www.amazon.com/Joker-Purple-Crocodile-Pattern-Trench/dp/B01L765BJ0/,0,1,1,0,The Joker Purple Crocodile Pattern Trench Coat,,false,50a0al,,0,,false,1473093015,false,default,t5_2tolo,false,,,false,false,,/r/joker/comments/50a0al/the_joker_purple_crocodile_pattern_trench_coat/,t3_50a0al,,false,,
1472314343,joker,MemesKilledGod,facebook.com,https://www.facebook.com/Everyone-as-The-Joker-243678729359190/,0,4,4,0,My Joker Photoshop Page,,false,4zuviy,,0,,false,1473085103,false,default,t5_2tolo,false,,,false,false,,/r/joker/comments/4zuviy/my_joker_photoshop_page/,t3_4zuviy,,false,,
1471043464,joker,MediocreCoker,youtube.com,https://www.youtube.com/watch?v=SCfZMsOK9wE,0,0,0,0,The Joker that should've been.,,false,4xgf00,,0,,false,1473041137,false,http://b.thumbs.redditmedia.com/O2GXEQQyQ1RvJu-5Pv0cukftTBmEWr00wdf6gfnX18Q.jpg,t5_2tolo,false,,,false,false,,/r/joker/comments/4xgf00/the_joker_that_shouldve_been/,t3_4xgf00,,false,,
1470282671,joker,HarleyQ,self.joker,https://www.reddit.com/r/joker/comments/4w2n7q/with_suicide_squad_about_to_release_please/,4,14,14,0,With Suicide Squad about to release please remember to use the spoiler tags!,"And if you notice something that needs to be marked and isn't use the report feature and in the box let me know that it needs to be marked for spoilers and I'll do so myself. 

[Here's a link with spoiler marking info](https://www.reddit.com/r/joker/comments/2m9pqq/spoiler_flair_is_also_now_a_thing/).",false,4w2n7q,,0,,false,1473015661,false,self,t5_2tolo,false,,harley,false,true,,/r/joker/comments/4w2n7q/with_suicide_squad_about_to_release_please/,t3_4w2n7q,Hench Wench,false,,moderator
1470338337,joker,doworkgetbig,youtube.com,https://www.youtube.com/watch?v=pvd-XUJleTE,0,8,8,0,DIY Jared Leto Joker Makeup Tutorial | Suicide Squad | How To: Paint Tattoos and Hair,,false,4w69gh,,0,,false,1473017522,false,http://b.thumbs.redditmedia.com/LvKH381dWgCTzSIOjN9Z-9A5n9Tnz1erCHxG_a7wawM.jpg,t5_2tolo,false,,,false,false,,/r/joker/comments/4w69gh/diy_jared_leto_joker_makeup_tutorial_suicide/,t3_4w69gh,,false,,
1471025807,joker,Alexiu,youtube.com,https://www.youtube.com/watch?v=B3JL849ylgA,1,0,0,0,Epic Joker Super Compilation,,false,4xeynw,,0,,false,1473040397,false,http://b.thumbs.redditmedia.com/mYW92VbcmGxHlQ0NxYedJwLSfI5_6FWmm08OkAdijas.jpg,t5_2tolo,false,,,false,false,,/r/joker/comments/4xeynw/epic_joker_super_compilation/,t3_4xeynw,,false,,
1472164032,joker,Mateo1185,i.imgur.com,http://i.imgur.com/a/0HEre,5,24,24,0,Loving my new Joker figure! ( x-post from /r/ActionFigures ),,false,4zl9cj,,0,,false,1473080171,false,http://a.thumbs.redditmedia.com/__FWaf3VHU-E8XlEVFSReeM3uM26e0d7hDAQJBwkuK0.jpg,t5_2tolo,false,,,false,false,,/r/joker/comments/4zl9cj/loving_my_new_joker_figure_xpost_from/,t3_4zl9cj,,false,,
1471671139,joker,SlamNetwork,youtube.com,https://www.youtube.com/watch?v=dWzlBbBt8Yo&amp;feature=youtu.be,0,1,1,0,The Problem with Suicide Squad's Joker,,false,4ynhht,,0,,false,1473062992,false,default,t5_2tolo,false,,,false,false,,/r/joker/comments/4ynhht/the_problem_with_suicide_squads_joker/,t3_4ynhht,,false,,
1470770682,joker,zmanzach1,youtube.com,https://www.youtube.com/watch?v=ScFg-ZivBAQ,0,0,0,0,EXCLUSIVE SUICIDE SQUAD REVIEW FT JARED LETO!!!!!!!!,,false,4wxzfb,,0,,false,1473031712,false,http://b.thumbs.redditmedia.com/Z-bO0QQuttcwyk7nGtdRUjv4U_qoRshPLmb8em8md9I.jpg,t5_2tolo,false,,,false,false,,/r/joker/comments/4wxzfb/exclusive_suicide_squad_review_ft_jared_leto/,t3_4wxzfb,,false,,
1472347021,joker,Noctem_Zero_1,youtu.be,https://youtu.be/YlasVKSptDE,0,0,0,0,The Joker is Rorschach pt. 7,,false,4zx8rt,,0,,false,1473086323,false,default,t5_2tolo,false,,,false,false,,/r/joker/comments/4zx8rt/the_joker_is_rorschach_pt_7/,t3_4zx8rt,,false,,
1471204699,joker,Mitani_,self.joker,https://www.reddit.com/r/joker/comments/4xps2u/more_joker/,3,9,9,0,More Joker,"The Joker is by far my favorite DC villain, but I actually know very little about him. I recently purchased a couple Joker related comics; Joker: Endgame, Killing Joke, and Death in the Family. I've only started reading Endgame though.

I'm just wondering what else could be good to check out to learn more. It doesn't have to necessarily be Joker exclusive either. Any help would be appreciated.",false,4xps2u,,0,,false,1473045893,false,self,t5_2tolo,false,,,false,true,,/r/joker/comments/4xps2u/more_joker/,t3_4xps2u,,false,,
1470165816,joker,joacofd,i.reddituploads.com,https://i.reddituploads.com/4b457948cb5544819a93cf5cf6795ee5?fit=max&amp;h=1536&amp;w=1536&amp;s=1b0d90be8b28f54b066269a98fe02081,0,7,7,0,Chaos Clown by Justin Maller,,false,4vuaaa,,0,,false,1473011275,false,http://a.thumbs.redditmedia.com/SOBazSCGIoCc2cjkuQloOs1eMypEKcSGafkXI1ZNDR0.jpg,t5_2tolo,false,,,false,false,,/r/joker/comments/4vuaaa/chaos_clown_by_justin_maller/,t3_4vuaaa,,false,,
1471115528,joker,figurelover,statue.news,https://statue.news/2016/08/13/cesar-romero-as-the-joker-maquette-by-tweeterhead/,2,18,18,0,Cesar Romero As The Joker Maquette by Tweeterhead,,false,4xkifq,,0,,false,1473043217,false,http://b.thumbs.redditmedia.com/ILt5Y0y0PZOutwiNYCEDS_8OlS6W9rfeZvCFNBKmCaM.jpg,t5_2tolo,false,,,false,false,,/r/joker/comments/4xkifq/cesar_romero_as_the_joker_maquette_by_tweeterhead/,t3_4xkifq,,false,,
1471626423,joker,Mnfrmhmn,theodysseyonline.com,https://www.theodysseyonline.com/suicide-squad-sexuality-final-final-frontier,0,1,1,0,"[Article] Suicide Squad And Sexuality: Butts, Brains And Harley Quinn",,false,4yk2ya,,0,,false,1473061249,false,default,t5_2tolo,false,,,false,false,,/r/joker/comments/4yk2ya/article_suicide_squad_and_sexuality_butts_brains/,t3_4yk2ya,,false,,
1472588707,joker,Sachyriel,deviantart.com,http://www.deviantart.com/art/Miss-J-631497167,0,8,8,0,"Miss J by Vinz-el-Tabanas (Rule 63 fan art, SFW)",,false,50d8au,,0,,false,1473094695,false,http://b.thumbs.redditmedia.com/7ApzoZmND2Gp6qJEb0-dQ9w9PpKEpt9Taz8OVRsGAII.jpg,t5_2tolo,false,,heath,false,false,,/r/joker/comments/50d8au/miss_j_by_vinzeltabanas_rule_63_fan_art_sfw/,t3_50d8au,,false,,
1470414697,joker,jdwalker,imgur.com,http://imgur.com/gallery/PzrlX,8,50,50,0,"Joker Fan Comic: ""Elephant in the Room""",,false,4wb95g,,0,,false,1473020075,false,http://b.thumbs.redditmedia.com/k-ZBwVFrEOZZ7T287lYNclpTmYIiPPHBGbf2AikRrZE.jpg,t5_2tolo,false,,,false,false,,/r/joker/comments/4wb95g/joker_fan_comic_elephant_in_the_room/,t3_4wb95g,,false,,
1471802249,joker,hamsterbabe,youtube.com,https://www.youtube.com/watch?v=i8fhFc2qvtU,0,1,1,0,ULTRA Cute Super Mario Hamster! -- going down pipes and hitting blocks!,,false,4yw4h5,,0,,false,1473067384,false,default,t5_2tolo,false,,,false,false,,/r/joker/comments/4yw4h5/ultra_cute_super_mario_hamster_going_down_pipes/,t3_4yw4h5,,false,,
1470158257,joker,joacofd,i.reddituploads.com,https://i.reddituploads.com/5f0b6a26305c4f2ab961cdbaa18fb0d7?fit=max&amp;h=1536&amp;w=1536&amp;s=0b4c01df4718c1ad8727878050492ebd,1,65,65,0,Iron Joker (X-Post from r/pics),,false,4vtlc5,,0,,false,1473010910,false,http://a.thumbs.redditmedia.com/-AFOc1Jhqypou54V3i6X1eXUiW6jbiVpWOLjHcPVHA0.jpg,t5_2tolo,false,,,false,false,,/r/joker/comments/4vtlc5/iron_joker_xpost_from_rpics/,t3_4vtlc5,,false,,
1470666117,joker,[deleted],batman-news.com,http://batman-news.com/2016/08/07/jared-leto-suicide-squad-footage-joker-movie/,0,1,1,0,"Jared Leto: I shot enough ‘Suicide Squad’ footage for an entire Joker movie, wanted R rating",[deleted],false,4wqdke,,0,,false,1473027833,false,default,t5_2tolo,false,,,false,false,,/r/joker/comments/4wqdke/jared_leto_i_shot_enough_suicide_squad_footage/,t3_4wqdke,,false,,
1471014032,joker,ZAKAR23z,imgur.com,http://imgur.com/gallery/9XUme,4,46,46,0,Fan-Created Comic Gives Batman and the Joker a Harrowing End,,false,4xdxvf,,0,,false,1473039870,false,http://b.thumbs.redditmedia.com/IhOAiN7tMNjPV9fLkNfULv3ROa5_LG-BjEx75fHayVo.jpg,t5_2tolo,false,,,false,false,,/r/joker/comments/4xdxvf/fancreated_comic_gives_batman_and_the_joker_a/,t3_4xdxvf,,false,,
1470166470,joker,joacofd,i.reddituploads.com,https://i.reddituploads.com/5a9dc722c9fa41438019a18e6c860c8d?fit=max&amp;h=1536&amp;w=1536&amp;s=449d9fac60ef285feafba45c833457d7,0,7,7,0,Interesting art my friend showed me,,false,4vucgd,,0,,false,1473011305,false,http://a.thumbs.redditmedia.com/f-bkSkxxNAH35Au0Jny2e21UxfbmsYRnKojYW8aOar0.jpg,t5_2tolo,false,,,false,false,,/r/joker/comments/4vucgd/interesting_art_my_friend_showed_me/,t3_4vucgd,,false,,
1471653257,joker,veeladwa,i.reddituploads.com,https://i.reddituploads.com/11afe554106341f9a91e8f4bf9d844e7?fit=max&amp;h=1536&amp;w=1536&amp;s=349abde01d7fe1f1d821a29ee73ae693,0,1,1,0,Who was the definitive Joker so far?,,false,4ymas2,,0,,false,1473062383,false,default,t5_2tolo,false,,,false,false,,/r/joker/comments/4ymas2/who_was_the_definitive_joker_so_far/,t3_4ymas2,,false,,
1471572887,joker,Princeofcrimez,youtube.com,https://www.youtube.com/watch?v=t5JBCspgh5c,4,6,6,0,Tell me what you think?,,false,4ygbac,,0,,false,1473059337,false,http://b.thumbs.redditmedia.com/AqXluFJPavcSw0naEO3x3ypUe96Lbp6euzW-r7Ri5Fk.jpg,t5_2tolo,false,,,false,false,,/r/joker/comments/4ygbac/tell_me_what_you_think/,t3_4ygbac,,false,,
1470735190,joker,MaureenMargaret,amazon.com,https://www.amazon.com/Suicide-Squad-Killing-Leather-Jacket/dp/B01K1JX1KK,0,1,1,0,"Inspired from Joker ""Arzantro"" Created Suicide Squad The Killing Joker Leather Jacket.",,false,4wvch4,,0,,false,1473030370,false,default,t5_2tolo,false,,,false,false,,/r/joker/comments/4wvch4/inspired_from_joker_arzantro_created_suicide/,t3_4wvch4,,false,,
1470333600,joker,welivefilm,weliveentertainment.com,http://weliveentertainment.com/welivefilm/suicide-squad-review-bad-isnt-good/,0,1,1,0,SUICIDE SQUAD REVIEW: DC's Iron Man 2,,false,4w5urv,,0,,false,1473017312,false,default,t5_2tolo,false,,,false,false,,/r/joker/comments/4w5urv/suicide_squad_review_dcs_iron_man_2/,t3_4w5urv,,false,,
1470521533,joker,ThatWhiskeyBusiness,youtube.com,https://www.youtube.com/watch?v=xxSudL99P2c&amp;feature=youtu.be,0,6,6,0,Drunk/Cosplay review of Suicide Squad,,false,4wi1lg,,0,,false,1473023577,false,http://a.thumbs.redditmedia.com/_ZKDlrA2P1r4Ua7wzCaGV-N-APpY_bjUIjMB-B5ili8.jpg,t5_2tolo,false,,,false,false,,/r/joker/comments/4wi1lg/drunkcosplay_review_of_suicide_squad/,t3_4wi1lg,,false,,
1472507175,joker,ZAKAR23z,youtu.be,https://youtu.be/rBIRwCPda7k,1,0,0,0,Epic Joker song from all the Joker actors and Voice actors,,false,507jca,,0,,false,1473091756,false,http://b.thumbs.redditmedia.com/nzIeR_34WqD4U3RjS_2DGx_uPn6sbAD0tGy5M6aEF2U.jpg,t5_2tolo,false,,,false,false,,/r/joker/comments/507jca/epic_joker_song_from_all_the_joker_actors_and/,t3_507jca,,false,,
1471136121,joker,JustAnotherUsrname,self.joker,https://www.reddit.com/r/joker/comments/4xlxaf/cant_find_some_fantastic_concept_art_online/,0,1,1,0,Can't find some fantastic concept art online,"So I got my hands on the ""Suicide Squad Behind the Scenes"" book. Nothing fantastic for the most part as far as I'm concerned, unless you're totally ignorant about the characters' backgrounds. However, there is one spread concept art featuring the Joker that's just fantastic; he's curled up in a ball, naked, surrounded by knives, bullets, and stripped weapons. If anyone can find out who the artist was or get a link to the picture itself (I'm not very good at Internet sleuthing), I'd appreciate it. Thanks.",false,4xlxaf,,0,,false,1473043936,false,self,t5_2tolo,false,,,false,true,,/r/joker/comments/4xlxaf/cant_find_some_fantastic_concept_art_online/,t3_4xlxaf,,false,,
1471756600,joker,north_or_south,instagram.com,https://www.instagram.com/p/BJW8FXYA_6k/,0,23,23,0,Cool Joker art made for Mark Hamill,,false,4ytavr,,0,,false,1473065947,false,http://b.thumbs.redditmedia.com/eFF81MsFkKgOwi1OuATMSSuxC8aNg5xxiVjc5rIwHyw.jpg,t5_2tolo,false,,heath,false,false,,/r/joker/comments/4ytavr/cool_joker_art_made_for_mark_hamill/,t3_4ytavr,,false,,
1472628059,joker,dube12345,crbtechreviews.com,http://www.crbtechreviews.com/amazing-facts/top-5-amazing-actors-who-played-the-joker-and-became-legends,0,1,1,0,Amazing Actors Who Played The Joker and Became Legends,,false,50fyj1,,0,,false,1473096115,false,default,t5_2tolo,false,,,false,false,,/r/joker/comments/50fyj1/amazing_actors_who_played_the_joker_and_became/,t3_50fyj1,,false,,
1472675117,joker,crayareola,youtu.be,https://youtu.be/gPMvd_CDvvI,0,1,1,0,Girl Joker Cosplay Anyone?,,false,50jb33,,0,,false,1473097841,false,default,t5_2tolo,false,,,false,false,,/r/joker/comments/50jb33/girl_joker_cosplay_anyone/,t3_50jb33,,false,,
1471003164,joker,almosthitbucky,youtube.com,https://www.youtube.com/watch?v=0kAo9e_2xDA,7,3,3,0,"What If Batman, The Joker, and Harley Quinn's Gend3rs were reversed?",,false,4xd5eq,,0,,false,1473039463,false,http://b.thumbs.redditmedia.com/S1isYfg2y0SzJiYHCn-5u6w7FiDYjJfkzCbyTufElGQ.jpg,t5_2tolo,false,,,false,false,,/r/joker/comments/4xd5eq/what_if_batman_the_joker_and_harley_quinns/,t3_4xd5eq,,false,,
1471637773,joker,Whysoseriousshow,m.youtube.com,https://m.youtube.com/watch?v=qtRr4gLTNLY#,0,0,0,0,Joker runs around town trying to catch pikachu and even reviews the killing joke. He has a lot of time on his hands.,,false,4yl0yu,,0,,false,1473061732,false,http://b.thumbs.redditmedia.com/cbsx-f-SLVii7X701dlMtdWuvPdQXICaFtYzmzPn6rY.jpg,t5_2tolo,false,,,false,false,,/r/joker/comments/4yl0yu/joker_runs_around_town_trying_to_catch_pikachu/,t3_4yl0yu,,false,,
1472106128,joker,[deleted],i.redd.it,https://i.redd.it/0fb2q9qk1hhx.jpg,0,0,0,0,I think it'd be a good Joker. A darker looking Heath Ledger joker would be legit.,[deleted],false,4zh5uu,,0,,false,1473078077,false,default,t5_2tolo,false,,,false,false,,/r/joker/comments/4zh5uu/i_think_itd_be_a_good_joker_a_darker_looking/,t3_4zh5uu,,false,,
1472450672,joker,paradisso10,play.google.com,https://play.google.com/store/apps/details?id=com.oni.joker.mask,1,1,1,0,joker masks,,false,503m1o,,0,,false,1473089664,false,default,t5_2tolo,false,,,false,false,,/r/joker/comments/503m1o/joker_masks/,t3_503m1o,,false,,
1471374836,joker,ddumplings,blugger.org,https://blugger.org/2016/08/03/review-batman-the-killing-joke/,0,2,2,0,Review – Batman: The Killing Joke,,false,4y1a2l,,0,,false,1473051736,false,http://b.thumbs.redditmedia.com/hASDyH8f1i1nHUSTB8t276ba0Q8B10Kx9yeRwNGpR8k.jpg,t5_2tolo,false,,,false,false,,/r/joker/comments/4y1a2l/review_batman_the_killing_joke/,t3_4y1a2l,,false,,
1471917544,joker,[deleted],i.redd.it,https://i.redd.it/zoh9z2l0h1hx.jpg,0,1,1,0,That time the joker won an oscar,[deleted],false,4z44qs,,0,,false,1473071441,false,default,t5_2tolo,false,,,false,false,,/r/joker/comments/4z44qs/that_time_the_joker_won_an_oscar/,t3_4z44qs,,false,,
1470451082,joker,icykid298,self.joker,https://www.reddit.com/r/joker/comments/4we0gq/thoughts_on_suicide_squad_joker/,24,26,26,0,Thoughts on Suicide Squad Joker,"First off completely forget the previous Joker going into this.This Joker is completely different.I'm a big fan of Joker,He was the only reason why I felt like I had to see the movie.His screen time was cut in this.Also Jared Leto's Joker may take some time getting used too. 


I didn't think he was bad,but he wasn't amazing either.Theres this one scene where he appears in his suit the Alex Ross one,and he looks great laughing maniacally shooting.

This is a Joker that I believe will grow on you.

The only bad things are,they don't show him being a psychological threat he seems more physical for right now. They didnt show enough of his Sadistic/Psychotic side to me.Also you're going to be disappointed if you expect the complex relatioship with him and Harley. Sadly they made him a love sick puppy in this constantly chasing after Harley its pretty disappointing. Apparently all the scenes of Joker abusing her ended up being cut too.

I think the BluRay with all the deleted scenes could do him more justice.He was originally in there for 30 minutes. Dont expect alot of Joker in this even though they pushed him alot in the promos.Anyways thats my thoughts.",false,4we0gq,,0,,false,1473021495,false,self,t5_2tolo,false,,,false,true,,/r/joker/comments/4we0gq/thoughts_on_suicide_squad_joker/,t3_4we0gq,,false,,
1470778846,joker,[deleted],qwertee.com,https://www.qwertee.com/product/the-last-laugh-481,0,1,1,0,"Hey guys, help me get my shirt up on Qwertee by voting!",[deleted],false,4wyouh,,0,,false,1473032070,false,default,t5_2tolo,false,,,false,false,,/r/joker/comments/4wyouh/hey_guys_help_me_get_my_shirt_up_on_qwertee_by/,t3_4wyouh,,false,,
1470831950,joker,ShovelFightar,youtube.com,https://www.youtube.com/watch?v=sSvY278gCXc,4,8,8,0,Suicide Squad Review (Joker deserves a solo film),,false,4x1v3t,,0,,false,1473033672,false,http://b.thumbs.redditmedia.com/XFKhXy6rultdOBgcRGI4iN-PuDvAgS3lm43aIrRsdjE.jpg,t5_2tolo,false,,,false,false,,/r/joker/comments/4x1v3t/suicide_squad_review_joker_deserves_a_solo_film/,t3_4x1v3t,,false,,
1472523426,joker,Callicojacks,self.joker,https://www.reddit.com/r/joker/comments/508s5v/whatever_happened_to_the_joker_blogs/,0,1,1,0,Whatever happened to the Joker Blogs?,[removed],false,508s5v,,0,,false,1473092392,false,default,t5_2tolo,false,,,false,true,,/r/joker/comments/508s5v/whatever_happened_to_the_joker_blogs/,t3_508s5v,,false,,
1470032624,joker,[deleted],imgur.com,http://imgur.com/a/Sajnz,4,8,8,0,Saw The Killing Joke last week and wanted to look the part.,[deleted],false,4vl5xs,,0,,false,1473006495,false,default,t5_2tolo,false,,,false,false,,/r/joker/comments/4vl5xs/saw_the_killing_joke_last_week_and_wanted_to_look/,t3_4vl5xs,,false,,
1471659098,joker,1KyloRen3,self.joker,https://www.reddit.com/r/joker/comments/4ympg6/help_with_tattoo_idea/,1,4,4,0,Help with tattoo idea.,I really would like help with an idea for a Joker wrist tattoo. Something incorporating the word Joker in it. It's ok if you can't help. Thanks in advance.,false,4ympg6,,0,,false,1473062590,false,self,t5_2tolo,false,,,false,true,,/r/joker/comments/4ympg6/help_with_tattoo_idea/,t3_4ympg6,,false,,
1470637563,joker,katiemaria2014,muviblast.com,http://muviblast.com/suicide-squad-movie-review-uninteresting-mission-ineffective-humor-harley-quinns-being-much-crazier-than-her-bf-and-more-things-get-misplaced/,0,1,1,0,Harley Quinn's Gone Crazier Than Her BF. How Wrong Is That??,,false,4wosyj,,0,,false,1473027036,false,default,t5_2tolo,false,,,false,false,,/r/joker/comments/4wosyj/harley_quinns_gone_crazier_than_her_bf_how_wrong/,t3_4wosyj,,false,,
1471698155,joker,ZAKAR23z,strawpoll.me,http://www.strawpoll.me/10995955/r,6,9,9,0,What did you think of Leto's Joker?,,false,4yoxgm,,0,,false,1473063722,false,http://b.thumbs.redditmedia.com/SxL45zvDgVs9neLuTQi24DGplwhTzlc7z1sYep_A_yQ.jpg,t5_2tolo,false,,,false,false,,/r/joker/comments/4yoxgm/what_did_you_think_of_letos_joker/,t3_4yoxgm,,false,,
1471292818,joker,JuanTamayoPerez,imgur.com,http://imgur.com/gallery/E73rk,1,21,21,0,Joker B&amp;W,,false,4xvmtx,,0,,false,1473048874,false,http://b.thumbs.redditmedia.com/hDzZ0MHhnZVxI86-p8hvgm4snO0uzbCa9v8o9qD4K_s.jpg,t5_2tolo,false,,,false,false,,/r/joker/comments/4xvmtx/joker_bw/,t3_4xvmtx,,false,,
1471374533,joker,malory221,youtube.com,https://www.youtube.com/watch?v=jdGi9_pxMUE,0,9,9,0,Best Parody of The Killing Joke,,false,4y1934,,0,,false,1473051722,false,http://b.thumbs.redditmedia.com/XT5Kmab0RA99G9DblP4ZZF5Ee4uMstzPW4IjfIouJeg.jpg,t5_2tolo,false,,,false,false,,/r/joker/comments/4y1934/best_parody_of_the_killing_joke/,t3_4y1934,,false,,
1470134625,joker,[deleted],i.imgur.com,http://i.imgur.com/a4P6W63.png,1,2,2,0,Where is she?,[deleted],false,4vrtgk,,0,,false,1473009979,false,default,t5_2tolo,false,,,false,false,,/r/joker/comments/4vrtgk/where_is_she/,t3_4vrtgk,,false,,
1472160938,joker,16cukie,self.joker,https://www.reddit.com/r/joker/comments/4zl0dw/was_joker_logical/,1,1,1,0,Was Joker logical?,"  perhaps not as logical like as Socrates?

Can be chaos - made by Joker - at all ""logical""?",false,4zl0dw,,0,,false,1473080044,false,self,t5_2tolo,false,,,false,true,,/r/joker/comments/4zl0dw/was_joker_logical/,t3_4zl0dw,,false,,
1472390115,joker,Alousallo,youtu.be,https://youtu.be/onVBrqZp9OY,0,1,1,0,Click To Watch Most Amazing Nature Of Tiger....,,false,4zzbrd,,0,,false,1473087391,false,default,t5_2tolo,false,,,false,false,,/r/joker/comments/4zzbrd/click_to_watch_most_amazing_nature_of_tiger/,t3_4zzbrd,,false,,
1470251519,joker,eruditelush,youtube.com,https://www.youtube.com/attribution_link?a=ji7-3Oygaow&amp;u=%2Fwatch%3Fv%3Dokx_-z9G9QY%26feature%3Dshare,2,16,16,0,INJUSTICE FOR ALL - [Joker fan film] - NSFW,,false,4w08vy,,0,,false,1473014413,true,nsfw,t5_2tolo,false,,,false,false,,/r/joker/comments/4w08vy/injustice_for_all_joker_fan_film_nsfw/,t3_4w08vy,,false,,
1470770412,joker,[deleted],i.redd.it,https://i.redd.it/18mxfyiuoeex.jpg,6,6,6,0,"""JOKER"" Standalone film poster",[deleted],false,4wxyn6,,0,,false,1473031701,false,default,t5_2tolo,false,,,false,false,,/r/joker/comments/4wxyn6/joker_standalone_film_poster/,t3_4wxyn6,,false,,
1472407422,joker,ZAKAR23z,self.joker,https://www.reddit.com/r/joker/comments/500k1a/who_is_the_second_best_person_to_voice_the_joker/,13,10,10,0,Who is the second best person to voice the Joker?,"Every Joker or DC fans know that Mark hamil is the number 1 and definitive voice for the Joker 
My question is who is the second best Joker voice actor",false,500k1a,,0,,false,1473088053,false,self,t5_2tolo,false,,,false,true,,/r/joker/comments/500k1a/who_is_the_second_best_person_to_voice_the_joker/,t3_500k1a,,false,,
1470878907,joker,Noctem_Zero_1,youtu.be,https://youtu.be/oegkv5C9Z-A,4,5,5,0,The Joker is Rorschach fan read,,false,4x5l6l,,0,,false,1473035585,false,http://b.thumbs.redditmedia.com/WuGzjJyeradzhw6t-KIn5xMpCjFjcPjjOuEQRcWmCyI.jpg,t5_2tolo,false,,,false,false,,/r/joker/comments/4x5l6l/the_joker_is_rorschach_fan_read/,t3_4x5l6l,,false,,
1471951294,joker,Judithilliams,jacketswear.com,https://www.jacketswear.com/products/Jared-Leto-Crocodile-Coat-Suicide-Squad.html,0,1,1,0,I am Big Fan Of Joker and i Really buy this costumes,,false,4z5yty,,0,,false,1473072379,false,default,t5_2tolo,false,,,false,false,,/r/joker/comments/4z5yty/i_am_big_fan_of_joker_and_i_really_buy_this/,t3_4z5yty,,false,,
1471653765,joker,[deleted],self.joker,https://www.reddit.com/r/joker/comments/4ymc3j/if_heath_ledgers_joker_never_existed_would_have/,6,0,0,0,If Heath Ledgers Joker never existed would have people considered Jared Leto's Joker the best one?,[deleted],false,4ymc3j,,0,,false,1473062401,false,default,t5_2tolo,false,,,false,true,,/r/joker/comments/4ymc3j/if_heath_ledgers_joker_never_existed_would_have/,t3_4ymc3j,,false,,
1470687807,joker,Snowy_Mass,self.joker,https://www.reddit.com/r/joker/comments/4ws9yy/oh_the_wonderful_thing_about_jokers/,2,15,15,0,Oh the wonderful thing about Jokers,"Oh The wonderful thing about Jokers,

is Jokers are wonderful things,

Their heads are powered by laughter,

their guns are powered by springs,

They're runny gunny shooty stealy,

FUN FUN FUN FUN FUN,

But the most wonderful thing about jokers is I'm the only one,

[**I'M THE ONLY ONE**](http://jy4ng.deviantart.com/art/Tigger-Joker-Mashup-331129621) 

*joker laughter*",false,4ws9yy,,0,,false,1473028806,false,self,t5_2tolo,false,,,false,true,,/r/joker/comments/4ws9yy/oh_the_wonderful_thing_about_jokers/,t3_4ws9yy,,false,,
1470167866,joker,joacofd,i.reddituploads.com,https://i.reddituploads.com/a29f16dd126c46ce8fb7cd47fd2debb7?fit=max&amp;h=1536&amp;w=1536&amp;s=15b79ebf51060aaff13548f6ae27b819,0,12,12,0,Heart,,false,4vuh38,,0,,false,1473011371,false,http://b.thumbs.redditmedia.com/QJ5kJbPW-QeCFp5uJICWtwaknMWAc94P-6xK2wQcRvY.jpg,t5_2tolo,false,,,false,false,,/r/joker/comments/4vuh38/heart/,t3_4vuh38,,false,,
1471184957,joker,Zombiepaste,self.joker,https://www.reddit.com/r/joker/comments/4xob6p/who_is_the_most_popular_joker_who_is_the_most/,12,13,13,0,Who is the most popular joker? Who is the most famous joker?,"I was having an argument with someone older than me after watching SS....

She thinks JN is the most famous because no one she knows watches cartoons

I think it's a toss up between MH and HL because HL had so much press going on outside of the movie with his death and his acting method, and MH has been around the joker the longest.",false,4xob6p,,0,,false,1473045150,false,self,t5_2tolo,false,,,false,true,,/r/joker/comments/4xob6p/who_is_the_most_popular_joker_who_is_the_most/,t3_4xob6p,,false,,
1471890747,joker,Cnosi,self.joker,https://www.reddit.com/r/joker/comments/4z207i/have_you_experience_with_shoemycolor_joker_custom/,1,6,6,0,Have you experience with shoemycolor? Joker Custom Converse,"Hello,

I want ask if someone here have experience with company shoemycolor. I was searching internet and I found out their custom hand painted converses. But I don't know if they are legit, let's see if is here their previous customer. 

Here I'll left some links to checkout (Joker theme): https://www.artfire.com/ext/shop/product_view/shoemycolor/9911083/batman_heath_ledger_joker_converse_shoes_hand_painted_canvas_shoes/handmade/clothing/shoes/other

http://www.aliexpress.com/store/product/Batman-The-Dark-Knight-Converse-Heath-Ledger-The-joker-Black-Shoes-Hand-Painted-High-Top-Canvas/814539_1894640157.html

Have fine day :)",false,4z207i,,0,,false,1473070366,false,self,t5_2tolo,false,,,false,true,,/r/joker/comments/4z207i/have_you_experience_with_shoemycolor_joker_custom/,t3_4z207i,,false,,
1471216135,joker,Noctem_Zero_1,youtu.be,https://youtu.be/r9uhkfbvLiM,0,0,0,0,If Heath Ledger was still alive?,,false,4xqmn3,,0,,false,1473046336,false,http://b.thumbs.redditmedia.com/zD-zIF09GaGtoC39HVsNZFCpwqFEpScIf67-EElfPTI.jpg,t5_2tolo,false,,,false,false,,/r/joker/comments/4xqmn3/if_heath_ledger_was_still_alive/,t3_4xqmn3,,false,,
1470505287,joker,[deleted],self.joker,https://www.reddit.com/r/joker/comments/4wgve7/question_about_joker/,2,0,0,0,Question about Joker,[deleted],false,4wgve7,,0,,false,1473022963,false,default,t5_2tolo,false,,,false,true,,/r/joker/comments/4wgve7/question_about_joker/,t3_4wgve7,,false,,
1470633451,joker,ikillyoudead298,self.joker,https://www.reddit.com/r/joker/comments/4wolhd/if_you_watched_suicide_squadi_have_a_question/,13,6,6,0,"If you watched Suicide Squad,I have a question about Joker","1) When Joker is laying down surronded by guns,and various things what do you think this means to him?",false,4wolhd,,0,,false,1473026930,false,self,t5_2tolo,false,,,false,true,,/r/joker/comments/4wolhd/if_you_watched_suicide_squadi_have_a_question/,t3_4wolhd,,false,,
1471447842,joker,figurelover,statue.news,https://statue.news/2016/08/16/joker-fantasy-figure-gallery-statue-by-yamato-usa/,0,1,1,0,Joker Fantasy Figure Gallery Statue by Yamato USA,,false,4y68d4,,0,,false,1473054239,false,http://b.thumbs.redditmedia.com/EwKwZARYrVtoCHUm78Dn8dACLRge9cPJQxqNi2Uc1Tg.jpg,t5_2tolo,false,,,false,false,,/r/joker/comments/4y68d4/joker_fantasy_figure_gallery_statue_by_yamato_usa/,t3_4y68d4,,false,,
1471467953,joker,antdude,youtube.com,http://www.youtube.com/watch?v=p3lQCk0rYto,0,0,0,0,JOKER ORIGINS | Development LORE | Backstory of the Clown Prince of Crime | Comicstorian | LORE,,false,4y85qm,,0,,false,1473055212,false,http://b.thumbs.redditmedia.com/0GUm58wEzDfmSjAafMbcgyX0tT8JFHzD-DyXFtl4W2o.jpg,t5_2tolo,false,,,false,false,,/r/joker/comments/4y85qm/joker_origins_development_lore_backstory_of_the/,t3_4y85qm,,false,,
1470708768,joker,[deleted],self.joker,https://www.reddit.com/r/joker/comments/4wtsk0/favorite_mark_hamill_joker_song/,0,1,1,0,Favorite Mark Hamill Joker song?,[deleted],false,4wtsk0,,0,,false,1473029577,false,default,t5_2tolo,false,,,false,true,,/r/joker/comments/4wtsk0/favorite_mark_hamill_joker_song/,t3_4wtsk0,,false,,
1471321614,joker,Hunter0fTheNight,self.joker,https://www.reddit.com/r/joker/comments/4xxpy5/heath_ledger_joker_was_inspired_by/,0,3,3,0,Heath ledger joker was inspired by....,"Can't take credit for this, this was on IMDB.  Ok if any of you have seen the macgyver TV series from 1980-90s you know who murdoc is, he is almost identical to Heath ledgers joker, likes bazookas knifes and dynamite and has unexplained scars on his face.  And in the episode strictly business he says something very interesting.  He says ""come on shoot me"" he says it the same way the joker said it when he said ""come on hit me"". The evidence is extremely strong.  If you have Netflix please watch the episode ""the widow maker"" season 3 episode 18, he looks and acts so much like him.  Coincidence? Maybe, maybe not. Here is a image https://michaelcavacini.files.wordpress.com/2012/08/murdoc.jpeg",false,4xxpy5,,0,,false,1473049939,false,self,t5_2tolo,false,,,false,true,,/r/joker/comments/4xxpy5/heath_ledger_joker_was_inspired_by/,t3_4xxpy5,,false,,
1470251374,joker,InsideoutCondom,self.joker,https://www.reddit.com/r/joker/comments/4w08cj/awesome_joker_pic/,4,3,3,0,Awesome joker pic,"So i found this https://herbal-empire.com/incense/joker-extra-potent-10-grams/ (dont question my recreational activities!) And I really want this picture as a backdrop/screen saver/anything, so does anyone have it without the labels and everything? Just a clean image?",false,4w08cj,,0,,false,1473014405,false,self,t5_2tolo,false,,,false,true,,/r/joker/comments/4w08cj/awesome_joker_pic/,t3_4w08cj,,false,,
1471237144,joker,DalvBot12,strawpoll.me,http://www.strawpoll.me/10995955,10,12,12,0,Strawpoll - What did you think of Leto's Joker?,,false,4xs1nu,,0,,false,1473047058,false,http://b.thumbs.redditmedia.com/nuFlzqzlf9WbdS2L3HjBT5ObU-jNihcLCS9kgYM7UbM.jpg,t5_2tolo,false,,,false,false,,/r/joker/comments/4xs1nu/strawpoll_what_did_you_think_of_letos_joker/,t3_4xs1nu,,false,,
1470668137,joker,ZAKAR23z,geekstroke.com,http://geekstroke.com/comics/what-if-joke-was-there-in-the-dark-knight-rises/,3,10,10,0,What if the Joker was there in “The Dark Knight Rises”,,false,4wqj1e,,0,,false,1473027909,false,http://b.thumbs.redditmedia.com/yusJ0yvt0GWqhVY83iI9GrVuvt6RtDsnr6X4anaZcok.jpg,t5_2tolo,false,,,false,false,,/r/joker/comments/4wqj1e/what_if_the_joker_was_there_in_the_dark_knight/,t3_4wqj1e,,false,,
1470497239,joker,Gherkin_Sauce,reddit.com,https://www.reddit.com/r/EverythingJadaToys/comments/4w7bmy/suicide_squad_sdcc_exclusive_joker_boss_harley/,2,7,7,0,Come and Win a Cool Joker and Harley Metals Die-Cast 2-Pack!,,false,4wgasa,,0,,false,1473022671,false,http://b.thumbs.redditmedia.com/FlOCHJeuRflxT3PYLpsQesXb6OJh4LQW4nuQxJoVdRw.jpg,t5_2tolo,false,,,false,false,,/r/joker/comments/4wgasa/come_and_win_a_cool_joker_and_harley_metals/,t3_4wgasa,,false,,
1470415793,joker,walkswithdeath1,66.media.tumblr.com,https://66.media.tumblr.com/87b17efd452d3ca3a7605487611f176a/tumblr_obftywaAdO1tvy3cwo3_540.gif,2,38,38,0,Some of my favorite joker footage of all time,,false,4wbcgi,,0,,false,1473020122,false,http://b.thumbs.redditmedia.com/YeJ6esGN4ffQNpQ8_lHHmQqA0G6I3J2FWgFO2l_ZWjw.jpg,t5_2tolo,false,,,false,false,,/r/joker/comments/4wbcgi/some_of_my_favorite_joker_footage_of_all_time/,t3_4wbcgi,,false,,
1472252628,joker,[deleted],self.joker,https://www.reddit.com/r/joker/comments/4zrfql/joker_origin_theories/,2,0,0,0,Joker origin theories???,[deleted],false,4zrfql,,0,,false,1473083335,false,default,t5_2tolo,false,,,false,true,,/r/joker/comments/4zrfql/joker_origin_theories/,t3_4zrfql,,false,,
1470293515,joker,[deleted],soundcloud.com,https://soundcloud.com/whitey61/one-bad-day,0,0,0,0,Wanting to give someone that One Bad Day? Play this on repeat in the background whilst doing it.,,false,4w391e,,0,,false,1473015973,false,http://b.thumbs.redditmedia.com/b_JPe79g5kpa2lF5JP-jimtM-7omjuGUGZuc8Jh_hLo.jpg,t5_2tolo,false,,,false,false,,/r/joker/comments/4w391e/wanting_to_give_someone_that_one_bad_day_play/,t3_4w391e,,false,,
1470827444,joker,KittyCatWoman,imgur.com,http://imgur.com/E6wLqwk,7,33,33,0,Self as Harley Quinn - friend as Mistah J,,false,4x1m9o,,0,,false,1473033548,false,http://a.thumbs.redditmedia.com/fHLIk0Z4va33z2F_X6am9zBs5S-UUUphLU7AfoIdN58.jpg,t5_2tolo,false,,,false,false,,/r/joker/comments/4x1m9o/self_as_harley_quinn_friend_as_mistah_j/,t3_4x1m9o,,false,,
1470689453,joker,[deleted],youtube.com,https://www.youtube.com/watch?v=0kAo9e_2xDA,0,0,0,0,A Female Joker Genderbend - What do you think?,[deleted],false,4wsf3l,,0,,false,1473028878,false,default,t5_2tolo,false,,,false,false,,/r/joker/comments/4wsf3l/a_female_joker_genderbend_what_do_you_think/,t3_4wsf3l,,false,,
1470378453,joker,MessEnScene,fanboynation.com,http://fanboynation.com/suicide-squad-2016/,0,1,1,0,'Suicide Squad' is Pointless and Plotless,,false,4w92y5,,0,,false,1473018964,false,default,t5_2tolo,false,,,false,false,,/r/joker/comments/4w92y5/suicide_squad_is_pointless_and_plotless/,t3_4w92y5,,false,,
1470765717,joker,[deleted],pbs.twimg.com,https://pbs.twimg.com/profile_images/447948845255634944/6rtAyPC3.jpeg,0,0,0,0,Do think a Joker that looked kinda like Capt Spaulding would be a good idea?,[deleted],false,4wxjyd,,0,,false,1473031492,false,default,t5_2tolo,false,,,false,false,,/r/joker/comments/4wxjyd/do_think_a_joker_that_looked_kinda_like_capt/,t3_4wxjyd,,false,,
1470868756,joker,[deleted],qwertee.com,https://www.qwertee.com/product/the-last-laugh-481,0,0,0,0,"If you love The Joker or anything related to Batman, check out my artwork and vote for it on Qwertee.com!",[deleted],false,4x4v19,,0,,false,1473035217,false,default,t5_2tolo,false,,,false,false,,/r/joker/comments/4x4v19/if_you_love_the_joker_or_anything_related_to/,t3_4x4v19,,false,,
